item,quantity_kg,exp_days,family_size,consumption_rate,wasted_kg,waste_risk
meat,0.9580211267918168,22,4,0.6932023880225738,0.08404671449002785,0
fruit,1.187866126329494,28,6,0.19800398258293517,0.23222693874803457,0
veggies,1.6068097777302865,5,6,0.6728847820780189,0.6699189082894216,1
fruit,1.2230661796680005,20,5,0.5484124004493457,0.18038023268776102,0
fruit,1.339551608230876,10,5,0.46600666299872484,0.14387891136980716,0
bread,1.782928259122312,12,4,0.9577180190610093,0.29953114899618855,0
veggies,1.2801811788263966,15,1,0.5702857450588479,0.08687894155048878,0
veggies,4.535444410818913,17,6,0.2972057315229446,0.6430345037724446,1
veggies,0.8610518554773899,10,1,0.5130671314395688,0.17113990718861438,0
fruit,2.860301253066146,6,1,0.9274486641154054,1.6308477153729688,1
meat,2.346785721453477,18,4,0.25848592419753524,0.3163549453749931,0
veggies,4.920703776088729,13,1,0.2925613348194132,1.642714152339094,1
canned,1.0041750597562356,3,6,0.11172661098137537,0.7268874865651268,1
fruit,2.2903501957058374,24,3,0.11277104445619046,0.32886345583965615,0
bread,4.86261694973916,10,5,0.8464524642626613,0.2758153390976985,0
meat,4.394782066522911,14,3,0.7589103461586603,0.28678778966834323,0
canned,4.176824319271759,6,1,0.41953695080676245,1.4524760238667553,1
canned,1.6605627217022292,3,3,0.7284800415048155,0.7541092724309322,1
bread,1.2689941432552962,16,6,0.45568533367897324,0.01084726195553097,0
meat,3.5088944896599394,7,6,0.9576071163980447,0.6067947765074133,1
fruit,4.682191951074136,20,1,0.9703474132834313,0.11111835480043934,0
milk,3.005433018562684,14,4,0.4535143982284091,0.10331266893773933,0
meat,3.0722571026145493,9,3,0.8687997157067813,0.2928023669196372,0
bread,1.7599059214712787,15,4,0.7957801375277196,0.25972002239863107,0
canned,3.962718199363716,21,4,0.3789999434546104,0.11016531365881498,0
fruit,1.3416968685088553,3,2,0.3088358460109954,0.6898359822708799,1
meat,1.9565565638190965,2,1,0.5124111853535505,0.6475339846861614,1
milk,2.4144639737738753,27,5,0.8032139565529656,0.1025112067916568,0
milk,2.7842467040800476,2,6,0.9641510062558709,1.516473527359784,1
veggies,1.590843795867861,3,6,0.7872211619799153,0.4497811143515191,0
veggies,1.016765711326416,18,1,0.869686286516533,0.1021779687596256,0
bread,3.2477901909873466,14,7,0.6427578755534649,0.009341447432721257,0
meat,1.798837489581151,20,7,0.8518670477579133,0.28888657364549486,0
meat,3.1155719964017554,18,7,0.8059787722030759,0.6111467428787986,1
canned,1.1946322187339105,10,5,0.43928698773365205,0.14477179104334387,0
canned,2.665130458346679,25,6,0.596791271908649,0.26848971290848717,0
canned,2.896652446482136,2,1,0.8242778097907254,0.8544613170135823,1
veggies,0.7332059157009211,25,6,0.14145106077096076,0.13967818900023957,0
meat,2.0147192518726427,29,4,0.8272713541202469,0.3040360101434593,0
meat,1.104866046225384,22,3,0.2600993116441211,0.0984331634510073,0
milk,0.7851873671274548,1,3,0.5632152554092951,0.5502236370434966,1
veggies,4.954821045754754,4,6,0.8274478956003438,2.0562546681310185,1
fruit,1.9505923023862533,14,2,0.32843897034102537,0.07578970643064063,0
veggies,4.144435006345857,1,5,0.3212266953755377,2.235561719247363,1
fruit,1.6458829464369373,14,7,0.46248795861602665,0.2731577336377822,0
milk,3.566762250007682,16,5,0.9051785178198711,0.4670499314294741,0
bread,3.9210253695035897,22,5,0.1003985032934871,2.140422905390835,1
meat,3.1803743327352993,14,4,0.9112447869777415,0.4219482352957079,0
milk,2.6220928484757127,29,5,0.23842632217744703,0.06199802824494916,0
meat,2.3532841136627085,20,3,0.9910777384607339,0.18896758972317207,0
canned,2.069907199443479,3,4,0.9593622937346212,0.667644541929871,1
bread,4.682881149115216,3,1,0.545207670632155,0.9836568992847706,1
bread,4.237787335044781,9,5,0.5614482230313653,0.15761306430653182,0
milk,4.842621097999307,6,5,0.5333944062482688,1.1909988578362531,1
bread,1.0593375056849512,25,1,0.6718992810935703,0.044470486275012294,0
fruit,3.788903638416399,13,5,0.18164953201143794,2.125610171934785,1
bread,4.72253205569467,21,1,0.12935615350740987,3.599822630375766,1
meat,1.3155487977454707,2,4,0.15193263557430897,0.5092243153930722,1
meat,0.7992332031504987,8,3,0.4999288143173629,0.11182815560027562,0
meat,3.8350429218052655,21,1,0.34799314529753506,0.6542018582444946,1
meat,3.0851290093096035,2,2,0.6598356061338944,1.7632851827531038,1
fruit,4.288229495412224,4,1,0.9931980604373011,1.7121436801805625,1
veggies,1.1289756948183027,25,5,0.4476908557688193,0.11373043953768262,0
canned,4.078702903369505,15,7,0.616457128694062,0.6763718247715211,1
milk,1.4073229402148504,4,7,0.47404350631660197,0.4705940530451623,0
meat,1.2364517428956703,13,4,0.8625445009496734,0.15337970070035348,0
bread,1.2391960906894681,28,6,0.9120127631160143,0.11840323507839576,0
meat,4.16558624104122,12,4,0.8896200509847341,0.398362446599061,0
bread,3.4933874931329005,28,6,0.9769350148113318,0.5365633432925501,1
canned,2.853794411461037,13,7,0.12476726662637377,1.7579404744907585,1
canned,2.114737178555761,14,7,0.8558345459309779,0.26783704725093455,0
canned,4.447402433658987,20,1,0.7765949557351839,0.40051748288526834,0
bread,2.2660029834018593,18,3,0.3058249684603283,0.2406991406427793,0
meat,4.174697477622097,29,2,0.9606880840487748,0.6226291320246725,1
canned,2.476107088565983,28,4,0.23336013540695094,0.40902363290994476,0
fruit,2.1962499324120843,6,5,0.7115949344205176,0.8604714693807627,1
bread,2.582059035513229,29,6,0.30240119513432123,0.4772022020645423,0
bread,1.8562004337386393,11,5,0.4882425838966672,0.30453718564501764,0
meat,3.86424221079313,2,3,0.747243907250112,3.003895222042204,1
bread,2.7622417554161562,28,6,0.606992177829742,0.37091717773930066,0
bread,1.5449571281606778,23,4,0.4847516481953006,0.2862213150607274,0
canned,4.548085579735558,19,1,0.3937045878387885,0.5632058506909844,1
meat,2.2275104961794514,19,5,0.8556936901379113,0.3674532267893624,0
canned,2.945987875012949,5,3,0.22943291528333234,1.0807642546620702,1
canned,4.579124499340462,19,4,0.48709258887682005,0.5054770626017611,1
meat,3.3090709816129644,2,7,0.9133818145976279,1.233632275970582,1
milk,1.0260411831876384,10,7,0.8612645954139709,0.08741819978207702,0
canned,4.729244556260638,25,4,0.46084758622574207,0.9153384972410284,1
fruit,3.3246862388213803,2,4,0.7867975272411775,2.4747280960564564,1
fruit,2.0070752659568876,11,4,0.8408447476379733,0.22655680161974326,0
bread,1.1267243269852427,18,6,0.8999986816032668,0.210236985200943,0
fruit,4.073113351716332,29,4,0.5900551921443052,0.4777857932565116,0
bread,3.2903274016783106,24,5,0.28401479744924063,0.3461967451785431,0
milk,2.900574913893447,15,3,0.3297781688535385,0.4404876036591333,0
meat,4.5225166237293095,9,6,0.36612520663744386,1.7665710553024796,1
meat,4.048687450510388,23,4,0.634422232728654,0.15640890039674055,0
meat,1.1825369587973804,19,2,0.1295286617157476,0.11146789073418441,0
fruit,1.902749305079967,9,2,0.6724382219019714,0.17981568609290374,0
milk,1.618201129165096,3,3,0.4279188145854088,1.1358139070708193,1
fruit,3.847758316577046,21,7,0.36571762224067794,0.3980840596124864,0
fruit,0.6508959563110073,9,1,0.8915469136553137,0.05377798694055224,0
milk,3.0645035819209245,28,1,0.514002156022719,0.12217899330484414,0
milk,3.9310640858331074,14,7,0.1855477409794235,1.5329265223229218,1
milk,4.445445365427872,19,6,0.8440720912236224,0.06426064432329025,0
milk,2.0393678692215835,7,6,0.14287713169285596,0.5196808219630381,1
meat,4.195657871024058,16,6,0.754074301751377,0.7163284854800537,1
veggies,0.9978428162984325,16,1,0.7965155995935986,0.14474450137544564,0
veggies,4.309035312805332,28,2,0.41734234533597236,0.31059012902354893,0
milk,1.073698980493921,1,1,0.842309070650008,0.4712858619250205,0
veggies,2.2877928075216527,4,5,0.5640934652708081,1.0668945583920055,1
veggies,4.087829146007991,4,4,0.5169642879455172,3.009283026325082,1
milk,1.174628423069482,7,6,0.1408629533218233,0.6987077374054479,1
veggies,1.5316312785468866,8,2,0.36102627428401535,0.16663324638650454,0
fruit,3.750136557768798,17,3,0.9379089737967699,0.17370559390213974,0
bread,3.7401644144573347,5,3,0.45264156695515,1.2802084585326612,1
bread,3.385164347983838,7,4,0.5920304685010915,0.2689658452661107,0
milk,3.62276800010195,28,2,0.5788195110858266,0.17791459001534118,0
meat,2.942259995064183,20,1,0.631387980840424,0.47801496461684523,0
milk,1.6330957650812874,29,1,0.15519786007895436,0.11197777230572684,0
meat,2.0556319707676374,20,5,0.4259586293188554,0.0458355310936725,0
bread,1.3171897256064156,4,5,0.7508154464942988,0.6961122380267329,1
milk,4.588027526001327,28,1,0.28050422596568464,0.5336465156197111,1
canned,3.125263076447542,6,3,0.2832205397917244,2.315663061355277,1
fruit,2.3038313754363795,7,6,0.10908154602012227,0.7582431746135512,1
veggies,2.5790261163985972,18,3,0.49373373394738873,0.2288995746456156,0
meat,4.762775028253169,5,5,0.8944609426060798,2.551148321044787,1
canned,1.190081314022361,20,4,0.14671084922857813,0.019268305730315516,0
veggies,3.1380342440755875,29,1,0.2720068385464024,0.5501688416012043,1
veggies,2.7764990549800967,3,5,0.3790760845084796,1.715923802104051,1
milk,3.2515440594559153,7,5,0.7585522629077915,0.19604408402573376,0
veggies,0.5814958271937822,27,6,0.6765720335223279,0.06970657885754172,0
fruit,4.424557590248682,28,1,0.47434951412366955,0.17810064428651654,0
canned,4.694532271176255,22,6,0.7831620453325381,0.8358489100006355,1
veggies,3.0430993261514403,14,1,0.6486679104912118,0.06993428321103105,0
milk,3.634928707446015,7,6,0.9064367196914972,0.0027895500721906007,0
fruit,4.651247215297831,5,3,0.8362240742248237,1.2997573969503482,1
bread,3.6825738544102937,29,4,0.3275322454802805,0.4294822552853437,0
canned,1.1864256931141761,22,4,0.3442947198707802,0.13737986628420415,0
veggies,3.0932976207506595,5,1,0.21282082821314707,1.4620220421187915,1
milk,3.2302177087228516,23,2,0.4032682531457109,0.20288597328453215,0
bread,2.408588020860737,2,7,0.9995895268471848,1.923435031579328,1
bread,3.813999060311253,27,5,0.4651760517535549,0.16520656209305462,0
meat,4.704651566460567,21,5,0.29843959122019575,0.8210801478170524,1
fruit,4.665058308080494,22,1,0.7862345960279977,0.0812739829026103,0
veggies,2.5287771713185947,6,6,0.5882239031163905,0.967751693655235,1
milk,1.0095712062833986,15,2,0.2346413045742573,0.13960674864545294,0
meat,4.931785395330506,21,3,0.44262071304477923,0.25818005057098664,0
fruit,4.275041389006704,10,6,0.473022743985409,0.5337309974736877,1
meat,1.0609820654147009,23,6,0.7784467305122967,0.1759925539244677,0
canned,4.643788471778175,26,1,0.11860423200271403,2.313244302648895,1
fruit,4.414533629279577,24,1,0.3421176821184794,0.8098202296157148,1
fruit,2.8347712570673247,7,5,0.5658366711839699,0.31384236349912326,0
veggies,3.1607394608521817,5,1,0.34196206820755903,0.8796361892822027,1
fruit,2.2955121674155863,1,1,0.665590642677099,1.237859482689097,1
meat,0.746427374699141,13,1,0.533680731347155,0.046605713643410575,0
fruit,2.0083875874065544,21,5,0.42553922937362254,0.2912608506200082,0
veggies,4.112840518691051,26,3,0.954287764183461,0.6550115267108642,1
veggies,0.5208441035207129,18,3,0.6689435492678116,0.08676610587821867,0
canned,2.000746272610149,13,7,0.2169472350411471,0.3944544302032205,0
meat,2.291759121159245,21,7,0.6040825276990559,0.36268659895186295,0
bread,2.918280213220653,21,1,0.8026586678808109,0.351001446807305,0
bread,4.639350273857422,18,7,0.7376407277435176,0.3147523568483837,0
fruit,2.0585569746468257,5,5,0.25488030636573344,0.8262511725948506,1
canned,2.0612894085330247,13,3,0.975177999136093,0.01693067792013337,0
milk,3.818755616493868,4,6,0.5039322811719454,1.302182553606487,1
fruit,2.534980734004132,17,3,0.24312250336623517,0.22609774300615784,0
canned,1.510721703229919,3,3,0.26217617871533316,1.161670847602355,1
meat,2.53597782259712,17,5,0.18841149297017246,0.03170324348575543,0
meat,1.1338565917090992,28,7,0.8231662975914409,0.0878662808141028,0
meat,1.293741439278005,11,6,0.2098274448896638,0.15095931914413402,0
meat,2.7426549773276587,21,5,0.21261273142757225,0.25463025421774094,0
meat,2.3851645227704656,20,1,0.8654244532847539,0.29538083399031095,0
canned,4.61680655480645,23,4,0.41014367600280366,0.44348513644476745,0
canned,2.130772546024849,21,3,0.1277721138772652,0.2819880775101445,0
veggies,3.1126475762511956,26,4,0.1467057695665698,0.13641244281820622,0
bread,3.3451892956378866,4,5,0.227953402033506,0.6884805329994882,1
meat,0.5589250546475013,2,5,0.29205401317812063,0.39950456857438044,0
milk,3.4859181740751977,20,5,0.6986315748145648,0.3379175991744005,0
canned,1.3011618509138814,16,4,0.24159365200164543,0.006991833293364369,0
milk,4.824816428612548,28,5,0.2069869520593648,0.3671510503832556,0
milk,1.1689822748890082,18,1,0.7882472273286513,0.024811785670238368,0
milk,2.365808556771607,8,5,0.703949755473923,0.2514177078519155,0
veggies,0.8840735063538974,3,2,0.4917917993097126,0.54691420274614,1
canned,4.985934133306763,9,7,0.5943787943320936,0.6114270084941622,1
milk,2.759877546490592,29,4,0.38078561829377666,0.4446726949973965,0
meat,3.179232577940197,20,2,0.5342503782118246,0.19054328845146573,0
fruit,0.8018441482479237,29,5,0.5560053840844712,0.15429118844834833,0
milk,3.8748221167963,6,1,0.4485135440602863,2.019637746827878,1
veggies,1.444575168930136,10,3,0.9159149896049464,0.17863350701182934,0
canned,4.541244302483212,21,6,0.11445567848290554,2.9557677020627793,1
veggies,1.4231283821690321,10,7,0.8039541367821216,0.1897689126854631,0
milk,1.3580947429864996,13,6,0.21194454811719188,0.13878933598988086,0
canned,0.664473505316427,17,5,0.8177926244834794,0.05698050229429735,0
fruit,2.6243012529949965,9,7,0.6543207241090491,0.02822801519584497,0
milk,3.041785099681774,17,7,0.8589502818427621,0.013436079030201052,0
veggies,0.7956888774275857,24,1,0.1877628930768077,0.05696514820808263,0
bread,3.9898742751275478,9,7,0.6030825706897966,0.26625300083110326,0
meat,2.5397997563661243,9,4,0.5509790922359774,0.19693361196088724,0
veggies,2.8597562119741102,1,2,0.7355738646670228,1.0170237965984534,1
canned,2.4834323612220266,2,2,0.5808614967043082,0.6272027097680156,1
milk,2.303433773938967,28,2,0.5866611104197937,0.3947921552118861,0
meat,3.0183814908869806,16,4,0.4866363492184582,0.5666797761275416,1
milk,1.1985811066882062,29,6,0.3779509816066068,0.11802723092882153,0
canned,1.31867658722872,1,1,0.534037925126973,0.7593918402975713,1
milk,4.378035294560828,10,7,0.20664312289156053,1.6303629624799134,1
bread,4.757519579601348,18,4,0.9653620050847763,0.3980056302000924,0
meat,2.1798919232588885,26,2,0.7429696872639384,0.1348972904982082,0
meat,1.718351029145992,28,5,0.9572204050190621,0.32192432091543344,0
canned,3.397997944575571,8,3,0.3040546440969669,2.454646872770365,1
bread,2.339303769941434,21,7,0.8914069181588752,0.23264557830401422,0
veggies,0.6142386004715519,28,4,0.8279109861071846,0.02191801069095178,0
milk,1.2026866881478566,11,4,0.7094371712119063,0.026015319256762717,0
fruit,3.721875029813289,23,1,0.6625262674766852,0.6268433007823591,1
milk,3.465157738595681,2,1,0.38489469874108295,1.842276826036763,1
milk,0.6219319662656757,8,4,0.8347697064685277,0.040528144839382316,0
veggies,1.4988747286982724,27,2,0.5513639153317604,0.05747771416449373,0
milk,1.5398365846463213,22,3,0.16380241830215683,0.1710750069353452,0
bread,3.5235173461942777,8,7,0.38157684476961706,2.630240875312186,1
bread,0.5886974198946386,17,1,0.9417673886907948,0.024371319797533084,0
meat,0.9684886189305824,15,7,0.8656122345443616,0.16491535538499463,0
canned,4.0996223841793515,17,2,0.9837151282688852,0.06909041633624242,0
fruit,1.3034509792445013,28,7,0.6651940443436882,0.0928299761124736,0
milk,3.437357485333436,23,5,0.32275906582637076,0.46774489151016146,0
milk,1.5718225147102693,24,1,0.2465335447091774,0.08617371191831799,0
veggies,0.9474862674170532,13,2,0.2682229965476155,0.15684217618739796,0
canned,1.5942748594975433,19,2,0.11781609251252895,0.23591053506002224,0
bread,3.750201193350466,5,3,0.45161389988734524,1.509529032481307,1
fruit,4.350634106478286,12,3,0.2722849124495883,2.9658739326656667,1
meat,4.235989390551462,1,5,0.47048991441103216,1.473751301015639,1
bread,2.2873258832830468,23,2,0.9414949886548889,0.13105175904480512,0
canned,3.5063831145679076,5,6,0.48748618855647097,1.4267142053577035,1
meat,1.4224293293711945,8,2,0.8901860472863513,0.21280000126768062,0
veggies,1.8191647861745597,13,3,0.6449542899542888,0.3043575078038946,0
veggies,4.5335111833450386,8,6,0.3224183991952527,1.2388585905037928,1
milk,0.5585086557983121,25,1,0.4202692833332903,0.10372587921643626,0
canned,0.8847883888451064,23,1,0.1755275822392865,0.13072633592857166,0
fruit,1.435488148157123,11,7,0.40011633423640947,0.08792878439124988,0
meat,0.6193949174321887,1,4,0.7097868509531806,0.41766561519934264,0
bread,1.316459457904088,13,3,0.16489998363649166,0.18330182714405832,0
canned,3.1236870243636146,19,4,0.28486126763022646,0.12049345855947587,0
canned,2.3964104776662407,24,6,0.4432969372719804,0.0444365488121148,0
veggies,4.517022699846387,3,3,0.9838445833143663,1.0261626999983113,1
milk,4.178496027822984,24,5,0.8063756406629922,0.6866452071231212,1
milk,2.038178082640442,17,2,0.7601380718428935,0.041326034588723304,0
meat,1.6674054504408162,5,5,0.20457186087290138,0.4155411339602722,0
veggies,2.208615836752701,20,6,0.8028963042534923,0.3584901562951922,0
canned,3.156327241316635,21,3,0.8067419303644137,0.30444291284722336,0
fruit,1.7062863837029432,8,6,0.6409924260618954,0.019557560323337626,0
veggies,3.3086700853211033,26,2,0.9913256037985347,0.1155320436044454,0
meat,2.342352434860582,14,1,0.39272851533209674,0.3314083316219809,0
meat,2.984212313833911,4,1,0.9471452034176665,0.8068357795073919,1
veggies,2.462569381108925,11,6,0.9232580034608533,0.4424524387971152,0
meat,1.8250959179386295,20,4,0.11033259377444006,0.21269162150323184,0
veggies,4.768039881329705,15,3,0.5051048738273299,0.11834977576522825,0
bread,3.936226073718924,19,3,0.979393809746416,0.09558330335735814,0
veggies,1.1305092909490364,7,1,0.1928092261672682,0.163049365999174,0
veggies,4.4081058915406075,19,7,0.5930062249449876,0.1620284530073913,0
meat,2.6934403921228114,28,5,0.9810617563369937,0.17689735377095897,0
meat,4.525485021023411,19,7,0.5999458816952742,0.44097412787757523,0
milk,4.099348651762918,11,2,0.2708337726749404,1.9179423844768608,1
milk,2.4134607701115502,26,5,0.6239649070833307,0.12010299211398628,0
bread,0.6011118874405283,5,5,0.2839965165545922,0.3601977392500746,0
milk,1.7090481172322574,5,6,0.5677338366050358,0.8552530624937218,1
veggies,2.937353965973901,22,1,0.16663799612111319,0.08011358444560283,0
meat,3.3506519892176625,8,7,0.6449344022929642,0.48786314395193414,0
milk,1.6604945844494103,10,7,0.5651109452153423,0.27004545555283516,0
milk,1.1271023333277086,6,1,0.7661452318853168,0.41405552050335626,0
bread,4.257186065596846,15,7,0.6676304240429065,0.6593695762729013,1
canned,4.929809813165985,16,1,0.594645641677681,0.38014114905734414,0
bread,2.865605820362086,28,6,0.7208009643233091,0.29039235027319943,0
veggies,1.2725567863173657,17,4,0.22954772221500777,0.21786199539004827,0
meat,1.7253829693371603,8,5,0.6358236951327436,0.2587914620747149,0
bread,0.5827580444636002,8,6,0.25489954254049996,0.09383766436754139,0
milk,4.614344629522246,25,3,0.9329699870666928,0.12629015190276655,0
meat,1.029879873005635,9,2,0.1615006943610438,0.014360526684733423,0
meat,3.094324139814141,2,4,0.48733727472171395,1.8295372096342533,1
milk,1.733248493092427,15,3,0.7262177298899004,0.13444263266074027,0
bread,2.9938010113210702,18,5,0.5122199905014329,0.17237089426875896,0
milk,3.431391747583389,3,7,0.1828857279096121,1.9266643526629563,1
canned,4.233838116682407,17,1,0.5980411145140366,0.7082496468374905,1
meat,1.4288957229227144,4,5,0.677468717944619,0.3380828520094288,0
fruit,0.5494812289631621,4,6,0.7334130798914569,0.20479098328885856,0
fruit,1.1159853353096327,14,2,0.43593383301648303,0.19021130623004484,0
veggies,4.550083888316473,9,6,0.607293973925886,0.03725057615659034,0
milk,4.432505349031318,9,4,0.5056178274450218,0.04402496530721541,0
milk,3.1883589597663873,25,4,0.704850434877028,0.39760060250396845,0
veggies,3.20232587195144,26,2,0.6252012705923367,0.04041743170072621,0
veggies,3.49266503545815,23,3,0.5731805976032214,0.22675021860891678,0
veggies,1.2891707538055233,18,3,0.32457193015442376,0.17345946838342505,0
meat,4.614853756662319,10,4,0.10181666597341053,0.93793651072164,1
canned,2.384467362014329,21,4,0.25667350778028636,0.08564996341376313,0
milk,2.2241233771227384,4,7,0.2053594372817518,0.949390332019971,1
meat,2.835129673772769,12,1,0.5041762705098521,0.2594570804899266,0
veggies,0.7113468504877477,27,7,0.6510323356856602,0.06763284619470927,0
milk,1.2482751594023573,8,7,0.29177650781632736,0.19547994771940225,0
meat,3.821151273918667,2,3,0.9451513863704684,2.9263795571802165,1
canned,0.8725940056630691,22,2,0.106013916301499,0.07972329558716941,0
meat,3.214184492598747,13,3,0.7950709136488086,0.5436261758740725,1
canned,1.6040709935659443,21,1,0.662684292577398,0.03664889608048616,0
veggies,2.2518302631888947,16,6,0.4361993209429137,0.11500248037042266,0
canned,1.7991218154681494,28,4,0.14544004997116713,0.29792610363621375,0
milk,2.100527224092271,2,4,0.6647379146058514,0.6877134209720484,1
veggies,3.7357065733291046,11,1,0.44705216157908323,0.7330812797630907,1
milk,1.8370477203042876,10,7,0.9426404254718972,0.17130590558302067,0
fruit,3.048820881336037,15,2,0.5877910674007893,0.48289397279315743,0
bread,2.6422268098959485,17,4,0.9456863601641574,0.2125972901100844,0
canned,3.4865202441319165,8,5,0.29843532412597373,1.0810703550933136,1
bread,4.715733826961411,18,7,0.7531533193276929,0.3611150018842944,0
bread,3.796574437446126,23,4,0.6555241187638531,0.5460048238844118,1
canned,1.4672317036584055,9,5,0.7654674068481806,0.16066711956255822,0
veggies,0.6403241077757811,25,1,0.29320107757528313,0.12086477542005254,0
fruit,1.680188199349213,8,1,0.6984950646139964,0.08430858983431831,0
milk,3.1778506881511466,27,7,0.5482363537511821,0.06391466947074662,0
meat,0.7314161606791265,14,4,0.7685424774156846,0.057527561114847914,0
milk,2.7336481124055636,28,3,0.39434017973663604,0.33717510583102667,0
meat,3.1857928201260015,26,5,0.9010513229187272,0.5484654145594958,1
milk,2.004097508676324,25,2,0.17587118315021533,0.13876246362150887,0
canned,3.9691049168561987,18,4,0.8264703869120692,0.5189896416927081,1
fruit,0.9796921391019731,22,2,0.8751876632335818,0.0686173789844654,0
meat,0.8381200178111394,20,4,0.8355270802301391,0.10346081757853987,0
veggies,3.776849402916215,20,3,0.5614537548355985,0.6683572732876472,1
milk,2.729710922927893,21,3,0.49454648202768525,0.12630789663567055,0
milk,3.597810783924812,12,7,0.9966360578723891,0.290876987856836,0
meat,2.456723023716858,19,7,0.3062547560927459,0.4880354953451212,0
veggies,1.6088091495759806,14,3,0.5921883692884401,0.27946849879525126,0
veggies,4.185960429533899,17,6,0.703607972844093,0.472712020418229,0
canned,4.097371455360406,24,3,0.7307808722752888,0.4233630295830588,0
canned,3.6261341188449205,21,1,0.28362219916472087,0.2063998313022624,0
canned,1.724653117534832,3,1,0.6885946831058211,1.2139698966651347,1
canned,3.156038000910892,26,6,0.8365326098332035,0.5353786080482099,1
canned,2.1243825362301205,23,5,0.145016719139001,0.291114554055458,0
canned,0.9121193299698537,7,2,0.9203691639927849,0.0529109529286925,0
fruit,4.627911089580093,17,4,0.12655364963068536,1.3440031932072876,1
veggies,1.1156838391353263,12,4,0.42037392923955497,0.05917777574561711,0
canned,4.776068092193611,9,6,0.11423187660966587,3.7963634685980066,1
veggies,2.507025978310801,15,1,0.16943065168562368,0.04795474190303648,0
veggies,1.3330981797737884,18,7,0.9200514566620712,0.11174993424521051,0
bread,2.9385542632026116,21,4,0.41937474767153304,0.06658740710473979,0
fruit,4.428256261443837,13,1,0.48229437738254766,0.152254572035175,0
canned,3.7950119888430254,21,5,0.2938099432442974,0.41542074777161486,0
milk,4.129525165376524,8,2,0.6373861931680478,0.13594336858901843,0
meat,3.464525150198228,14,5,0.6353228932100107,0.04426261217063531,0
milk,3.615244540330336,8,6,0.4349803526426973,1.9837470575493663,1
fruit,4.321380432043936,14,3,0.3997313846248586,0.19041652831810574,0
meat,1.6235060398663368,7,3,0.896467877362529,0.16732021701666577,0
fruit,2.702412336394132,23,3,0.44495581567798126,0.05532761444367328,0
veggies,1.49544248818821,12,5,0.5441508929389675,0.2248459954559687,0
meat,4.944506035984912,11,4,0.35497428618243754,1.9555228482640752,1
veggies,4.74826702858976,22,2,0.8080925530214146,0.7060057448780181,1
milk,0.6774206511582765,22,3,0.45770334120918243,0.07218960772623757,0
milk,3.675088276320598,11,6,0.5622499418898921,0.6326060443325436,1
meat,4.663617428370496,25,6,0.3280214530536953,0.6481666934488052,1
meat,1.3125890530730009,22,3,0.9888936331071266,0.0027698575651503962,0
canned,3.0557535374868325,28,3,0.36234616683135057,0.24084847568588283,0
fruit,4.619697339146188,29,2,0.7936682778149965,0.7862280450861978,1
canned,0.6527569036360947,13,3,0.4847460853210833,0.04515235144541053,0
fruit,3.6383912026107796,18,2,0.28559566457572594,0.02562531551073535,0
canned,1.8380705331764784,2,6,0.8197468875683751,1.386920835021529,1
veggies,4.6597828791943865,29,3,0.40024611012613887,0.7474648400645583,1
meat,4.869762103244155,21,5,0.8786740126580299,0.15641061802837053,0
milk,4.749199201010453,15,7,0.9237314664260408,0.5103874116556392,1
fruit,2.633963974958587,20,5,0.8738414518521483,0.10112074222242048,0
fruit,4.379191929451911,27,6,0.1315071233261251,2.570330544772207,1
milk,4.300472293407816,18,2,0.808636010504595,0.23355904175061165,0
canned,1.9359521295946505,15,5,0.47020551984922954,0.12243546798730245,0
fruit,4.230119633678048,19,2,0.8863506281640026,0.7148655595737387,1
veggies,0.6665343562197168,23,5,0.6741588364162648,0.06349704247625804,0
meat,3.1832144531692386,24,5,0.8502788207295625,0.42639440983847166,0
milk,1.5350397677946637,12,2,0.5494885928801518,0.12353172686956944,0
meat,1.0425509859977546,13,4,0.5815229541390395,0.06213746856028835,0
fruit,0.8462894073314412,22,5,0.22994886892030053,0.10586709141112122,0
fruit,3.633299491451629,11,3,0.8055886228204199,0.11252878902960287,0
milk,2.0294373369562977,5,7,0.47745065050027446,1.494970063787771,1
veggies,3.7614504718794266,29,6,0.5500721064444244,0.15725649258311095,0
bread,0.7941035335952407,1,4,0.8065879426861369,0.5870590902348707,1
milk,1.9188065202377464,24,2,0.6389608600714951,0.36235081509692396,0
bread,2.9277108156890175,3,4,0.28098885469840074,2.012376294710601,1
canned,4.058254241775336,22,1,0.6312093932358035,0.3654675551895309,0
bread,1.9343862631943147,19,1,0.46686957218169023,0.09769826335036923,0
veggies,3.316511193966541,23,5,0.5225729878394764,0.2937297127793533,0
canned,4.486899867062842,29,5,0.125480146962401,1.5050705898642758,1
bread,3.2713843468203705,7,3,0.28902641456465344,1.4195840254715992,1
canned,1.548317636391352,12,7,0.3529342732429255,0.29482929779714784,0
bread,0.6098035170044211,15,6,0.7416640070729251,0.041694189631306555,0
veggies,4.415444932554184,25,4,0.11034322596830379,1.0977818996623374,1
bread,0.5957123488267422,5,1,0.46789953510621884,0.4157081643083756,0
bread,4.4361575270788975,15,5,0.9316241833831596,0.71738925224643,1
bread,2.8802171031224537,8,6,0.20069255489421145,1.2754610511671967,1
milk,4.725804643308033,10,4,0.56478194939675,0.008295877795764761,0
milk,4.094524560981494,26,5,0.8078701441517623,0.3129305161494618,0
milk,4.990703497400019,16,5,0.948278176768105,0.3012482153447401,0
veggies,2.0782031695326957,8,1,0.7720989755803461,0.01554370879970927,0
canned,3.952347300190071,1,1,0.7485089937799655,1.54938492039948,1
fruit,2.3086891112415895,12,5,0.8438392811761861,0.18609479996957473,0
bread,2.6594402913675896,5,2,0.5015810988797893,1.0397944988727859,1
bread,3.323774584482665,3,5,0.8252600793560497,1.6400217254186786,1
veggies,4.431547013838524,1,6,0.10716796427090602,3.171808153160195,1
bread,4.928375611396828,4,5,0.9321049498391244,2.737125301322967,1
milk,3.957230362390332,8,3,0.4989758585654578,0.14794614565414396,0
fruit,2.379950519753002,3,7,0.5980421690791728,0.9967290032161534,1
meat,2.396106510246816,10,3,0.3293940240233941,0.23391632471745105,0
bread,3.8191203571500116,2,3,0.7682777495563793,2.2913585990020873,1
milk,1.5744971559573604,11,2,0.16897222582772392,0.031247343367563785,0
meat,0.997133509091276,25,2,0.8853722222921517,0.0854831148558208,0
fruit,2.0957997093834946,10,5,0.8453051461057085,0.26344293314558637,0
meat,1.7925754624433679,21,3,0.29445410462028976,0.07713653758600633,0
milk,1.8333865420519553,14,2,0.8283919584567361,0.23007824023346732,0
canned,1.5512348797245947,7,1,0.8077219597553333,0.28656422263643455,0
canned,0.6894193533636285,27,5,0.6689949379785541,0.13754166099231213,0
meat,0.5804327063003621,27,6,0.43616815920971874,0.0037671332647945554,0
veggies,4.944750753812142,2,7,0.3443488787636811,2.9877224436287033,1
meat,2.4249791018113807,9,4,0.30860523126041506,0.15049765418764613,0
bread,2.2294699122185673,16,5,0.38674806648724647,0.17796792642463555,0
bread,3.5584127721188143,13,4,0.9132025990892773,0.17241019273736732,0
canned,1.4821424953927886,9,3,0.16987669838990316,0.06031964080653702,0
veggies,4.774825327776014,20,7,0.8459841486276628,0.9115655727001987,1
milk,4.038552564869985,4,4,0.4140010675376412,1.3554186809559408,1
bread,0.9023495104051678,22,3,0.5694394564102224,0.00848073205457548,0
canned,2.379113491032178,10,1,0.8150370702836416,0.1612149261274942,0
fruit,4.456032384029741,26,4,0.8959388923206741,0.3610710151067584,0
canned,4.7512941003113465,26,7,0.41030327806538236,0.22712566968939168,0
bread,2.6033068006244138,22,5,0.5156591331475993,0.3274298178915388,0
bread,3.2603512514481845,12,3,0.473064458335113,0.41757323374497485,0
canned,1.2516527574143386,17,5,0.1119259301535195,0.21290719251600856,0
milk,4.960258817616395,14,7,0.366348599972791,0.7349806642417569,1
meat,1.5425226562254952,14,2,0.5132703103593057,0.167386329901726,0
bread,4.742292983608065,25,3,0.4699842479923958,0.6198999907521421,1
canned,3.423409920465658,2,4,0.7497363047641115,0.8216742812357959,1
canned,3.234815576954866,21,3,0.4463232554989929,0.38368548026318255,0
veggies,2.807098299574289,25,5,0.5404388040736032,0.27466179898277915,0
meat,1.538014152729914,20,1,0.486647732919127,0.041017135584161826,0
fruit,1.2943761440247872,11,3,0.7665635340049335,0.06278870509574944,0
milk,1.4921879408157892,16,4,0.8766751590882663,0.08705228991633908,0
fruit,1.3389721796491454,19,2,0.5787001711067628,0.24752495913338432,0
meat,4.00813013105039,23,6,0.810488974775672,0.18468392622280477,0
meat,2.0755636662502854,6,1,0.3671080138178655,1.2282558850429275,1
meat,0.7602920445352837,24,2,0.5872326491415418,0.05616340134464912,0
fruit,4.860961835633651,19,3,0.4107069583029752,0.6452856242273936,1
meat,4.477036482335416,5,5,0.47278083301464724,2.358786377326117,1
canned,4.674885274378458,26,7,0.7591724783314017,0.8919168852901966,1
fruit,4.977085201908959,4,5,0.8934962340994415,3.664036317581716,1
meat,1.2825286214876928,15,4,0.20934585197898886,0.14805922688334167,0
canned,2.2830890850619645,29,5,0.6711753308386424,0.30777769960727247,0
veggies,3.912073140668411,4,1,0.6239294268200186,3.121597270262112,1
meat,3.632092781242065,20,5,0.20657353525833871,0.24621577435656278,0
fruit,1.1925315785293478,10,4,0.29070489739609817,0.18976999016874288,0
bread,4.17124906245778,24,6,0.3799022452594123,0.06464015635758608,0
meat,1.509982573264973,22,3,0.25023796373575136,0.08525779396996086,0
bread,1.5071792667018038,3,7,0.31935653427190763,0.7804601975409091,1
canned,2.916384903020361,26,3,0.3408407189755368,0.14955981658378711,0
veggies,3.168229706787664,5,5,0.40210644973515364,2.39031725205062,1
milk,3.1103879352701505,6,2,0.7744514075210431,2.4419904062487845,1
veggies,0.9116907682898969,21,3,0.6147209834655406,0.14539541495819433,0
meat,4.448573881836712,22,6,0.9876220047562613,0.45192945682559416,0
bread,1.6952001916491772,8,5,0.47326224427072394,0.2543921749940531,0
bread,1.0828171457726188,7,7,0.7784785664532325,0.06728957699000074,0
fruit,4.499366359410397,21,4,0.8843215792388804,0.46297544178184413,0
bread,4.80043174203389,10,6,0.7110806437342377,0.822635922101569,1
fruit,4.379574277694528,6,5,0.4706782663757464,1.6832603681872138,1
canned,4.142822336261951,14,6,0.7782351676711776,0.29805109574378597,0
milk,3.4485889128755978,4,3,0.2833004239954164,1.8287283029959964,1
meat,2.978858167741127,28,7,0.39479694866211923,0.4273843792231285,0
fruit,0.8914404196013457,25,4,0.5920167295893599,0.07908205896619239,0
milk,2.338039458818144,13,5,0.6178684485575335,0.4390262829716913,0
bread,2.177098326555413,20,1,0.11992732792536652,0.12842521198941803,0
bread,1.668892026921468,17,4,0.9506027698804078,0.1586994842853948,0
milk,3.755390511598632,23,1,0.726964544095651,0.5685117899714822,1
bread,2.7314408078544687,7,6,0.546133375208702,0.3764586936266573,0
canned,0.8647079715844157,4,2,0.9398145109674775,0.25909375773294935,0
canned,1.490824408774151,29,4,0.4951860087257457,0.297213491489912,0
milk,3.574664436468182,14,6,0.9823920132433346,0.30517505747080975,0
fruit,0.8425888677063509,3,1,0.5610562815191366,0.22227694732182798,0
fruit,4.3304311132194595,24,3,0.2028571929981815,0.02634277531735983,0
milk,2.7281593715628842,5,3,0.7883208752133495,2.086029652142564,1
fruit,2.662639597969916,16,2,0.7110079525700564,0.4654366820787298,0
fruit,3.165835030967829,26,4,0.7956880491750281,0.13974792727166765,0
canned,4.211064346663171,23,4,0.956297825853113,0.13344697604183467,0
fruit,2.0651414355598687,20,4,0.7988403723859163,0.025692462402499703,0
veggies,3.551072686515786,4,6,0.6502029419949822,2.0183859436557148,1
meat,3.04579383798106,24,7,0.8715780121247568,0.18968103875668443,0
bread,1.701627215762396,24,7,0.7059217954190784,0.13670767304144485,0
veggies,4.453834938598211,2,2,0.46730715114333077,1.951531438115937,1
fruit,4.088417097231177,18,4,0.8970577878175959,0.686406991013667,1
canned,3.4630332559629147,19,6,0.2997104147059356,0.45077141807058047,0
milk,4.327617780924088,28,3,0.7431771474178518,0.5323529257180314,1
fruit,4.402823904319111,28,1,0.8934071094466812,0.154690664201564,0
canned,3.6876333952176568,19,6,0.7581848677329667,0.3784912365514603,0
meat,4.266559977636524,17,7,0.7275478771484712,0.6104432033310714,1
fruit,3.6386215775117763,14,7,0.7773744646646524,0.7082656099085824,1
milk,3.560633472921352,19,3,0.5185497234705799,0.143426809248522,0
canned,3.2837512019683293,22,3,0.8867536139413233,0.006267599421062728,0
canned,3.8872248780093854,24,1,0.2830928276224821,0.05854272120674868,0
canned,1.2137229738188315,13,3,0.21464777440030536,0.09123615435156214,0
meat,4.4639184163951775,12,2,0.35695790210666045,1.3281174726542597,1
fruit,4.423295874853544,26,1,0.5784196570974939,0.006318308164669003,0
meat,0.6316127736555162,6,3,0.5595056158684043,0.1407560311069915,0
bread,4.216175377541433,21,5,0.838538881908928,0.27761880278704043,0
bread,1.0799144036305033,4,6,0.46411179076361564,0.6683796058539601,1
fruit,2.0080348441661386,19,3,0.5359099836623578,0.18081803034931798,0
meat,3.845787153312235,16,2,0.11203091493345607,0.865988367392555,1
milk,1.2234195322173869,13,4,0.4687653127986452,0.08610055588624148,0
canned,4.18085160853578,4,3,0.6829968096553078,1.0834950293667645,1
canned,4.244603800809839,23,7,0.11395749756393297,1.14556215422213,1
fruit,2.783604801923763,17,7,0.35279376866761936,0.0693938363783693,0
bread,0.5287364227257512,23,7,0.28716072336045095,0.1016669769720234,0
bread,1.7916715992871075,1,4,0.13778688601862943,0.928054004940971,1
canned,3.27617113269084,18,7,0.5313340809230838,0.5018232055189933,1
fruit,4.915337801123406,20,5,0.26355096390534083,0.07787187811644079,0
meat,3.343160871575008,17,3,0.7687733856682422,0.031464746578092846,0
bread,1.669116114788719,27,7,0.8631350953870136,0.006492210854117393,0
meat,3.353025663948251,28,1,0.5910266644022331,0.12660624406490364,0
bread,2.92993420872135,27,4,0.9835366082690274,0.2428378681713643,0
bread,4.009304278180146,15,5,0.5054307143235358,0.7504023440569443,1
veggies,0.9814128747213129,11,1,0.562031389202424,0.08971284682383386,0
bread,3.924625561259126,25,1,0.9902959785619752,0.227828521166198,0
milk,2.935699604042496,28,1,0.3083935923685439,0.3299346202510391,0
fruit,4.8334640173654755,22,1,0.9482913457092147,0.10820635114269764,0
fruit,2.0384247471740875,13,3,0.13855379960720193,0.982417223493297,1
meat,3.3467985191027667,1,7,0.5017482012368754,1.6784011372767698,1
bread,4.694126474795079,17,6,0.1630031609197592,1.5042919037444595,1
milk,0.9612937759580567,6,3,0.7563112686222787,0.37394926138840046,0
meat,4.71752819256403,4,3,0.647568042292016,3.1836043244448398,1
veggies,3.59548575035366,20,5,0.7359708371208368,0.3664925012881486,0
meat,0.8052667659732735,16,5,0.43703235997121526,0.14637582129029786,0
meat,1.854336051260673,15,7,0.43253374062824224,0.29120118195409517,0
bread,3.686774398903767,27,6,0.14078735106480517,0.3593914160272775,0
veggies,0.8030777066094726,15,5,0.4149504455766758,0.15184137925324995,0
meat,3.11976707079323,6,7,0.9363595620358535,1.2287509000636996,1
milk,2.0564737562883053,15,7,0.4413038834624041,0.38291484571591305,0
milk,3.294119829953647,14,2,0.848230935599773,0.033275480561490565,0
fruit,0.7058391521563079,28,6,0.8580929542749407,0.07726182331140677,0
veggies,4.421915627685693,11,5,0.43591704074131044,0.787490948699453,1
veggies,4.880700361298286,7,6,0.6687898123565701,3.323808563915236,1
fruit,4.8599503487856115,9,3,0.18583444204575278,2.3410925106018428,1
meat,3.873433242843161,26,3,0.19331072266084887,0.25125325241263763,0
veggies,1.085388080587844,16,6,0.14379189729554198,0.20668913171977846,0
milk,3.9121843816806017,5,2,0.6229135840375986,0.8070687117209114,1
milk,0.6106411240646068,25,2,0.4834638798634874,0.0865890959679691,0
bread,0.5995559818804876,20,6,0.5932291209978161,0.07046305498789875,0
veggies,1.9562459861729355,29,5,0.5689658714575491,0.3210558788303664,0
meat,2.698894356820996,10,4,0.41518269198165725,0.21173746094695373,0
fruit,3.9668333801350695,18,2,0.7097260733411256,0.3550727276352201,0
fruit,3.5748291947292734,3,1,0.7826516928247517,2.5893380610694243,1
meat,2.5065621786953676,13,3,0.11316543298990815,0.5207240974324454,1
canned,1.7313199982674965,11,6,0.28651806979199046,0.022126595775296392,0
bread,4.9870602507097,17,1,0.7419122812750032,0.0741422346455558,0
fruit,2.417815860061878,22,6,0.4479581553704508,0.055785202131619596,0
veggies,2.5312416094835397,13,7,0.6962355522474474,0.4402747105276376,0
bread,1.2363071953625113,6,3,0.41226639376110263,0.26514600242813224,0
veggies,4.076642969374682,17,3,0.45167963709667336,0.5812333797960771,1
milk,3.621570016016699,27,2,0.24281098632071643,0.2845897337679448,0
bread,1.4934632575494218,13,2,0.33240791769954403,0.07727505885821014,0
fruit,0.8707147052712921,19,1,0.6448705817568285,0.06046106517028649,0
bread,3.562246859336209,21,7,0.4898468001836498,0.5658147130692804,1
bread,3.4453004642651086,19,6,0.7968724146501356,0.4308114811673693,0
bread,1.729667871491942,10,7,0.8673264594445085,0.32436108048519147,0
canned,4.778886030126847,3,3,0.5874817763950839,1.5203200259835017,1
bread,1.1797605130140512,14,1,0.7824405628504533,0.13453555487802132,0
veggies,2.4455066046917087,26,4,0.3762140618751131,0.2984476740262759,0
milk,4.746271640754195,19,1,0.47347409386007044,0.8945501676411289,1
meat,2.38877292616755,5,5,0.7414999085951479,1.1994702231269014,1
bread,3.373366764488385,29,1,0.4475907935353276,0.01621998222182352,0
fruit,2.289174790832574,5,7,0.6296544416430899,0.7574984633535458,1
bread,1.7339684105690152,20,5,0.26683550117426036,0.23871141228059956,0
fruit,4.927899415819227,17,5,0.6397941834734482,0.7379021589050113,1
veggies,2.3420030284176936,21,5,0.8753623365042043,0.09983589778332103,0
fruit,4.523446416556105,10,4,0.8817756758410831,0.7845260593023146,1
meat,1.5347957265098877,5,1,0.7519099656965857,0.5347839900168434,1
milk,1.4589711681128748,4,7,0.7711780411685134,1.0501316459739376,1
fruit,0.6401033729803012,6,1,0.6021347006356306,0.1912482019261519,0
fruit,3.432500714191483,26,4,0.6262012811492423,0.06657593431958074,0
milk,2.1583685467569254,4,3,0.2202855232694662,0.450232535233307,0
meat,4.389612124278367,7,2,0.49947326957917104,2.1377467627438365,1
bread,2.629444580112007,7,7,0.5056986554977274,0.0303653936908829,0
fruit,4.856870425616248,18,7,0.9626480521009662,0.8208229887851423,1
milk,1.3348648206640452,3,1,0.4879781763609605,0.9276139299792499,1
veggies,4.4088042558002485,1,2,0.5944083804124819,2.9655615185165836,1
milk,3.994685837562838,24,6,0.5799262593511922,0.08289479921599802,0
veggies,3.969148300898234,25,6,0.6730855453398944,0.2345147746965353,0
meat,4.301524526525995,4,4,0.7734095481987063,2.2617367764608276,1
bread,3.924607959243495,6,6,0.30253768855378493,1.665151759422217,1
milk,3.3179914473413694,9,7,0.5758519771885922,0.08847544726518358,0
canned,1.0906019495707442,22,6,0.8433259365844273,0.18580496549075734,0
fruit,0.6463678077106336,14,3,0.5168032424537603,0.10564119758778565,0
meat,4.643815315170591,28,3,0.3506117917362157,0.012688468843891913,0
milk,3.2749264153433213,12,3,0.6892381678206692,0.5866875805191303,1
fruit,4.084417809392793,28,6,0.8413906562192106,0.023644136557462885,0
milk,2.666850581806475,25,4,0.15682626363465219,0.12781990020830586,0
veggies,1.0278868503307752,20,5,0.7991114350665044,0.006658473762699418,0
milk,1.063336064911477,24,5,0.8394831396655941,0.07142289838690698,0
canned,3.5850437925303713,25,2,0.5153706348297461,0.3684467996395026,0
milk,2.436376527047582,4,5,0.9849750911366206,0.8828746271022486,1
milk,1.4023612701515153,21,5,0.8080375066365781,0.09479444728093159,0
canned,2.712175460336466,24,3,0.7962963084060992,0.38268254648611905,0
meat,0.7889402168381034,12,3,0.7730547169708646,0.029585961411511846,0
milk,3.1188713086147946,10,6,0.2355472928964466,0.6720719666592059,1
canned,1.7104703199579396,22,2,0.29550779780770975,0.08073303800371227,0
fruit,4.089015952867347,28,1,0.5175911183179825,0.11739135940090338,0
veggies,1.896628815156082,7,7,0.33760391496351927,0.07033035364087878,0
veggies,2.548490670868105,3,2,0.4737168751006364,0.8183333548228812,1
milk,0.5522924295864529,23,2,0.8996176989306286,0.056650057139164475,0
meat,0.826010995075515,28,4,0.8418942026913423,0.13956241813492176,0
meat,2.266221003830082,14,6,0.667035890631984,0.03608053949838542,0
fruit,2.659724756227056,24,4,0.8723083548259932,0.3760618443736191,0
milk,3.2000924665368666,10,2,0.8053951501155243,0.4187938352080359,0
veggies,1.8124816041918645,16,2,0.48608643865680146,0.3162852723962183,0
meat,3.6274184875694413,16,2,0.2809586368449506,0.17712507493554683,0
milk,4.370550787351421,22,5,0.5627809360084053,0.3934455994540987,0
meat,4.009329450020074,10,7,0.7626059942756951,0.7423893915982314,1
canned,0.6782847140676072,25,7,0.4927776388566337,0.08953269372230543,0
meat,2.66228126266023,13,4,0.7000947188055074,0.2070021722151172,0
veggies,0.9721858028817869,6,2,0.18489468366193929,0.4578405519971131,0
bread,1.5892025713813736,12,7,0.773204262734263,0.0834283699009359,0
fruit,4.939981669702159,9,3,0.8314422579037558,0.5742387609889483,1
fruit,1.1412299430568096,13,7,0.736154070202487,0.16391895317994218,0
veggies,2.744996690531102,4,6,0.9705372287737289,1.7953784100624937,1
meat,3.281700804431536,24,6,0.8439868517145763,0.3935397621243034,0
milk,3.6610923674484677,11,7,0.9127843550888844,0.40297737327441097,0
meat,3.0184190756911136,20,3,0.9402139751118832,0.3102665848693161,0
veggies,0.5439688133863265,18,6,0.8212131926864277,0.07508109068319081,0
fruit,1.9690758870979634,26,5,0.7068329578058492,0.3298003608677596,0
meat,2.8297023952312013,11,7,0.10514672322471036,0.6456922302991883,1
fruit,0.8953992461517501,25,5,0.5192431779008122,0.1592041689690139,0
milk,2.0778211904413135,21,7,0.6140460687601249,0.06675358483919316,0
fruit,0.6494139895611495,4,1,0.3736272452031997,0.24128348166464111,0
fruit,0.8536032371975933,18,1,0.3862940022131248,0.04554349942065276,0
bread,2.2861547429071822,1,1,0.9650434741391486,0.6902439710140815,1
bread,1.0972208931937715,27,6,0.9025397786824713,0.050542213085248776,0
canned,3.0539338171770116,7,5,0.8642611049515337,0.06499489625488386,0
bread,3.6025923611176958,6,5,0.4654106215354996,2.376208478867475,1
fruit,4.102640145990873,15,5,0.11232869536802309,1.8388328827654148,1
veggies,1.4006760991016454,18,3,0.17220002181014266,0.20934436555822553,0
fruit,1.253671620165814,24,5,0.3809767313958433,0.012013651283063986,0
veggies,0.9705552815048011,11,3,0.1141686216961093,0.1841182826966588,0
veggies,3.363936122946365,20,1,0.11543480372367831,2.6680184474292634,1
bread,3.679140769191055,24,1,0.9249429714781698,0.005001091798590337,0
meat,0.6421376517153892,15,6,0.7355426519071486,0.09810020385722022,0
milk,4.712955108096605,16,7,0.3780603910613374,0.48456900289102145,0
bread,0.7338707764316259,7,1,0.21938011984085787,0.11439066453552015,0
bread,2.935833508854817,21,7,0.5604721461055694,0.30679272796214024,0
meat,3.6907723375291237,10,7,0.10481154476892801,1.8241461855249326,1
milk,4.419361056857385,26,6,0.9445723694723296,0.6950166991254086,1
fruit,3.7133911945959253,12,2,0.4733336074500525,0.3008649365532865,0
canned,4.107776373814064,24,2,0.4621014597135995,0.0022248947698403775,0
canned,2.0275258664426272,14,4,0.451534246823604,0.34465770112422867,0
fruit,4.166713011859305,25,6,0.16239549734898828,2.3026014902496414,1
bread,0.8605168087310382,5,4,0.6744900158126439,0.2301182769990821,0
milk,4.526674952272375,26,4,0.759703257665518,0.007031412900326591,0
bread,2.964165692691813,21,2,0.7085128578294613,0.29172845094550104,0
veggies,4.177839964831222,18,6,0.22459194399645488,1.9311267817518027,1
bread,2.535432280332351,5,2,0.6209561512320333,1.462050049323269,1
bread,3.3960996283843623,3,4,0.6125360357550285,1.9985189288531444,1
fruit,2.8688119742125093,23,6,0.8815697091472439,0.39428377808567827,0
fruit,3.7921528478989934,26,4,0.4412148925380823,0.6179644253499816,1
fruit,0.8673349191376531,5,5,0.43433734929349077,0.5311362485452361,1
canned,0.7715843779575371,24,7,0.656674352846367,0.0477871325482789,0
veggies,1.611964553045659,17,6,0.6697653881495618,0.30234838930152325,0
fruit,1.2179510605093475,19,6,0.5223567045932114,0.16494588605526528,0
milk,4.423026049664907,19,7,0.49875342609737905,0.10528686604765237,0
canned,1.4864629431111993,25,4,0.5447329035740944,0.020491747318887976,0
meat,4.891393651186091,21,5,0.8749407695529807,0.47304653403759855,0
milk,2.0160310629699807,12,3,0.515050211128519,0.08874168196048318,0
milk,1.3195306205991468,25,7,0.9459386127728402,0.0670281318490578,0
fruit,4.053643282141156,29,2,0.5536033872366934,0.7115702008986683,1
meat,3.4641849897539423,9,4,0.9542806238628022,0.0620546554057,0
meat,2.7418807240391256,1,7,0.8495487116821682,1.7518897892449528,1
canned,2.9991359792193406,18,7,0.42618819035424627,0.16263849752006573,0
meat,3.736408002225187,21,6,0.8772772791669544,0.5681792901544128,1
veggies,1.5280463359908443,4,2,0.19905695578100369,0.36792907823871707,0
fruit,4.9835026222553385,10,2,0.932542457808713,0.007367512046217463,0
meat,4.886569229660524,25,2,0.6684791635746025,0.49758508850263833,0
canned,3.426465588561216,7,7,0.14895167367008008,2.5153095632350726,1
veggies,1.3979410291811531,22,3,0.6798310512857304,0.24218686132633793,0
bread,3.561027090940811,23,1,0.9768228887302804,0.6207481881909189,1
bread,0.8248928404062913,1,4,0.16282058915316605,0.4994369594810396,0
veggies,0.6379362599261273,17,1,0.5992189388020777,0.05669921575244813,0
canned,1.6595729983004617,24,7,0.7730149147834352,0.10066403541618966,0
veggies,2.5818033053269236,29,1,0.8292327280295781,0.3700273022546204,0
fruit,4.407226274337712,29,7,0.4724447187887163,0.31614035654399747,0
fruit,3.772260813948386,2,1,0.2837499032514187,2.4947923347068364,1
bread,3.8421793453999147,28,2,0.13810805089514547,0.33214184985370865,0
meat,2.4147200050163393,26,5,0.6217535413875023,0.04418334817189936,0
canned,2.056707466461333,11,2,0.5076199632408497,0.3071088770951385,0
bread,2.1696744334307123,9,2,0.9538699556347399,0.005466017958526056,0
meat,4.94442303681226,7,6,0.1545444169434188,2.2765671545183563,1
meat,0.6804913613561712,22,6,0.7168558091014051,0.02488754615103502,0
fruit,4.401641732551019,17,1,0.12246959990805145,1.9607161039490686,1
milk,3.1040393385757703,17,7,0.2542907590394885,0.3946053457272449,0
milk,2.4737693863531574,2,2,0.5082210999305508,0.9442326624476343,1
veggies,3.7636594718681144,6,1,0.5093851985225814,2.403201104640839,1
fruit,2.6900102364111627,14,6,0.7171304886402795,0.12150218449365136,0
meat,4.430404571367473,6,5,0.919191731380981,2.451839296498964,1
canned,4.553158388050663,2,4,0.6751289430234287,3.47496541853897,1
milk,2.397744170930549,1,1,0.9581815880663579,0.9828656203925944,1
meat,1.7457250875577321,10,5,0.8934540758901979,0.04785130324344286,0
milk,3.16557647867013,21,4,0.6260498159777113,0.5458792402617243,1
milk,4.605635055275109,5,3,0.8504127558269445,1.4705260161759648,1
milk,1.4479798505254995,2,1,0.6783198492912706,0.56327329036835,1
canned,3.3033496260356725,22,1,0.17070204783135445,0.6010402934581317,1
fruit,3.3420209904163425,16,3,0.7665082509335589,0.5693402382474751,1
canned,3.7990086008687642,25,3,0.1854175971406116,0.03994611789389938,0
bread,1.0920545830726691,2,1,0.6346745025127412,0.38519421649977714,0
meat,3.7212123410693985,10,3,0.732376185272406,0.42346145690111786,0
fruit,4.5906463429953845,2,2,0.15987484738976973,1.0374363290555286,1
fruit,1.3085739899160889,16,4,0.3077151885338786,0.11985575016387381,0
fruit,1.5689449621574494,16,4,0.9241050090354849,0.12450812262941295,0
fruit,4.871277923187378,19,4,0.6546830430096067,0.42010922303330606,0
canned,1.314396287192704,29,2,0.32165741692947847,0.1496566181866503,0
fruit,4.344732920163106,7,7,0.721611794033206,0.0018043828752741815,0
veggies,2.7152503540161566,22,3,0.6370987779655206,0.14157791825186902,0
meat,1.6125398348142967,12,5,0.5514181299261536,0.16714933903739482,0
fruit,4.4183745557263014,24,3,0.9785682774892753,0.6382042468231109,1
meat,2.5038736475119947,15,1,0.715108399666758,0.08721327052533709,0
veggies,2.8166780926836057,8,6,0.4378969987011214,0.30807764430163165,0
veggies,2.1165501622989455,6,4,0.8200660888691812,0.5006852499677834,1
meat,3.1682788314571733,28,3,0.896124963629069,0.2817408792898011,0
milk,1.2358574266326023,27,5,0.2126985035651483,0.006693684033552563,0
bread,2.259866914932923,10,1,0.28049768006073983,0.2030572494498668,0
milk,4.862355450508794,3,2,0.2946043082150017,2.184697331677494,1
milk,1.6616004471550738,19,7,0.7220906284478863,0.3089412407708132,0
canned,3.4553149904358147,17,2,0.642735599547955,0.08611569990865683,0
milk,1.963355289011127,7,5,0.6570924082287294,0.25620842363954266,0
fruit,3.980629065589703,21,1,0.9466959697205508,0.041971566840442565,0
canned,1.088931473232574,20,4,0.7983203795265753,0.09716980643204044,0
canned,4.864194702853451,26,3,0.21514323206060487,0.5389328174450775,1
veggies,2.5420529362263764,4,1,0.412756374182663,1.3836657457678827,1
milk,1.5622270850590878,14,7,0.491854281558162,0.1421862967120844,0
veggies,0.8307353629850569,20,2,0.45636542987284445,0.027173984173323725,0
meat,1.2639105728939333,22,7,0.7023777482456912,0.07687706976237078,0
bread,2.8389827685020794,15,7,0.9027037929309063,0.3526620307655441,0
canned,2.016514293940788,24,5,0.37544631717050925,0.12171682531122953,0
meat,4.229975146471743,8,5,0.5966894227790671,0.7611781719759008,1
meat,2.4389938564781266,21,3,0.8104684797222271,0.3065361418108969,0
fruit,1.6192142266443346,15,5,0.4745962529608144,0.14205334623102384,0
bread,3.2771524397181353,22,5,0.2513063155593663,0.025402477181477527,0
meat,3.680497475984506,20,1,0.5274558687373735,0.3677172773706109,0
meat,1.2516885855542743,28,4,0.14970026866872563,0.19145233855421323,0
bread,1.2542864732974295,14,3,0.9481451086020491,0.06661706061366535,0
bread,0.6650214212009433,27,1,0.16733908467547576,0.1073043411750363,0
meat,3.813809067795382,29,4,0.49461104372552034,0.19206858553941644,0
bread,3.4871203742981227,9,7,0.5768931349796735,0.5745005625355445,1
meat,2.6358389408741623,8,1,0.9867734490585569,0.04495072304876401,0
meat,4.298767020361387,26,6,0.24941964127857472,0.7447043922520986,1
fruit,4.1255156882752395,28,1,0.2029883667511227,0.41188030693997857,0
milk,3.134094639785385,26,5,0.10783553235628923,0.9363806888370263,1
meat,4.407220762309664,17,4,0.24001429318237208,1.3605227580293,1
veggies,1.4262854451654572,2,3,0.28654568116090084,0.9619078151903195,1
canned,1.0036382872897756,25,3,0.6675228474247831,0.20053686543889043,0
milk,1.7138732518264532,24,4,0.29773611135226036,0.0755226452514632,0
milk,0.7568908524019169,3,5,0.11846873325639269,0.4211565342974435,0
milk,2.890262876004644,8,2,0.8439565109522398,0.3381810858609324,0
fruit,4.7147256153273265,12,1,0.42903613090357007,0.4606687361402142,0
meat,0.6770459330082934,1,5,0.4183270179226606,0.4732039711139196,0
fruit,1.0494946130451206,10,6,0.37223112625113397,0.13998902559505952,0
meat,2.534895627275459,20,7,0.9778359494317788,0.13543646691353572,0
fruit,4.702437578875572,3,4,0.25310387557835334,3.120549770183602,1
fruit,1.9227024723953772,6,1,0.9084142575579116,1.209263955506079,1
canned,2.782556639097766,7,3,0.7991229989258991,0.07183792986190536,0
veggies,0.6870778657267644,20,7,0.16883195994938177,0.10200340910167785,0
fruit,1.1675444043293999,23,2,0.9880561913507638,0.15017057765977046,0
canned,4.939835553314811,25,6,0.3442293671851095,0.31194409706304693,0
bread,4.843034133962205,27,3,0.18872463432017111,0.6020072790787067,1
veggies,0.5222299142048432,18,4,0.8463828107131834,0.022963698122295956,0
fruit,4.783153034404576,11,1,0.7360079803099299,0.42554694629044826,0
milk,3.376039720169752,19,4,0.6554969252901107,0.6072904799309895,1
bread,4.4056323253400995,5,7,0.24038277732903984,1.5842592861609655,1
bread,2.546329350352366,19,1,0.5306465046303657,0.19693130405602804,0
canned,2.820182128606626,11,5,0.8025004241984924,0.4631542382474071,0
bread,2.699809611156141,24,2,0.37326154432945624,0.5234881696290423,1
veggies,3.5008891589574693,12,5,0.3805208456635373,0.31782901799330293,0
fruit,1.128430646403408,10,5,0.1028268154433099,0.7725582543086331,1
fruit,0.6348811544270507,8,4,0.2568190614808416,0.07265223912561403,0
milk,1.8856847371603591,24,7,0.8878650626096508,0.3516229320797027,0
canned,3.6710634323149103,28,2,0.4975718424739364,0.63010631354402,1
milk,1.4083405345532676,28,1,0.9858110493109905,0.04805289580900704,0
bread,3.530445949962128,9,1,0.4561371672164133,0.3083899738265006,0
milk,4.864604207482717,4,6,0.7436678093022171,1.3609062310063602,1
veggies,0.9225532210523828,5,3,0.3537271386142562,0.5379345752238351,1
fruit,3.526709532013068,21,6,0.4274286770268402,0.42524561517348486,0
bread,2.4968759868705703,8,6,0.27165338883180523,0.5849438815688079,1
milk,4.406640144698774,23,1,0.4123561316494555,0.8797415571107842,1
canned,1.2971740525132365,9,4,0.5925137683785788,0.019447244672913044,0
veggies,3.61681678501774,15,5,0.9925955928813245,0.16131713459612995,0
veggies,4.271518803416496,15,7,0.697781541764607,0.34846703326395195,0
milk,4.750763987633104,16,5,0.27932135896748267,1.54719775359928,1
fruit,3.5746161273034063,14,5,0.14046529743239602,1.607711014886574,1
milk,2.737286438037923,8,2,0.21372083318305957,1.1330800004386108,1
bread,3.2803125809054623,18,1,0.6062996811457426,0.4467479297600269,0
milk,4.410072430154232,10,7,0.7886442959350897,0.7755769146070788,1
veggies,3.0677438598747337,28,4,0.9463772865706722,0.3155033512785877,0
milk,0.6367417686357659,20,2,0.11424085479713875,0.06866509632042772,0
fruit,4.6892691297814,6,3,0.5704841274056828,3.559243353714073,1
canned,3.602870379642025,12,4,0.5237806206008591,0.5533118011526256,1
meat,3.5443102359976093,2,6,0.6904495197781336,2.4181167933394208,1
milk,1.4705381857897273,7,4,0.6036209690188078,0.17304284264061107,0
fruit,3.4649846160469573,16,4,0.7183352355242325,0.14737569622888108,0
fruit,2.272389825443713,3,5,0.6922743262742713,0.9643301632751816,1
canned,3.4305483966867145,13,4,0.20531055237215157,2.5103824513160378,1
veggies,0.9796686363859582,3,6,0.8197461222568476,0.2849098806409744,0
fruit,3.460303870713662,27,6,0.21090931814469238,0.5709745816610625,1
fruit,4.997361765968,18,1,0.7286775626882234,0.8578775364697596,1
fruit,0.7169541748725021,11,4,0.474530830876546,0.06647915635271719,0
fruit,4.897283828995928,8,5,0.5624656611189381,1.5155860529738183,1
bread,2.3310858232529177,6,4,0.9129682129381395,1.8162090675792055,1
bread,4.418390526517666,1,3,0.900895353826138,2.0188084234132093,1
veggies,4.02073467826223,28,3,0.8360706750895266,0.3200185930532719,0
milk,3.051573174440005,1,5,0.5591335424106909,1.9397836192929676,1
fruit,3.8230214416309694,23,1,0.7626158291204498,0.2586128480555127,0
canned,4.4533200258560655,8,1,0.5616073499669284,0.8139567169690214,1
milk,2.3186314474296483,5,6,0.8826454742272997,0.7511174338782068,1
canned,1.971649227034574,28,6,0.46249824990960997,0.2609717222873906,0
milk,3.5041702350361312,16,2,0.9732118099733891,0.572504527554111,1
veggies,4.135306738735664,11,5,0.9390904824059898,0.6199201645425758,1
fruit,3.930283106494771,5,4,0.7674423575066069,0.8021268365185976,1
fruit,4.090161419863855,4,7,0.3514742957584648,2.1025242091182794,1
meat,2.4601249166581987,6,5,0.21848822991393257,1.8522478172110302,1
canned,4.180253972787597,14,2,0.8692331050838777,0.2868086735473875,0
milk,1.040940749167738,22,6,0.24877205752416515,0.13884816881701562,0
milk,2.950200940823823,19,5,0.8688347100976022,0.06049634741471438,0
bread,0.5259139722415471,9,5,0.5416885060411244,0.0012535667538388887,0
meat,1.9606362345512163,12,6,0.4659011054272938,0.05477718548315023,0
bread,2.1490769069212905,11,2,0.9128717009509862,0.3076343101806713,0
bread,2.282777112241649,14,6,0.6434658842862501,0.4441342394148323,0
bread,3.62960243010438,23,1,0.618952606416746,0.713626804534357,1
canned,2.2485114557165558,16,4,0.6028893501619579,0.2221435551453659,0
canned,2.519121301801388,1,6,0.43405256441757833,1.6948196695875983,1
veggies,1.5689485889344736,13,2,0.8070787931762146,0.23120856560818234,0
veggies,2.17963306233203,23,3,0.3275185996141957,0.21841677321806346,0
bread,1.5227133226841816,21,1,0.9450054640371476,0.17443001884768058,0
meat,0.8293816569579964,21,3,0.9045866845422647,0.02276273564814369,0
milk,3.2155186702162006,13,7,0.4037322931074083,0.6030135865909689,1
canned,3.506957593497573,2,6,0.7565173928484974,1.7232772959849167,1
meat,3.2877065570432653,4,1,0.6159008750046323,1.7344431394711897,1
fruit,2.585723197102576,28,4,0.40388437179931114,0.34734548797250825,0
canned,2.209036010806534,6,6,0.9896694831959021,1.5966672569211657,1
canned,4.385001423073214,26,4,0.12271361126343779,2.9425560571513576,1
veggies,2.8358680331129813,27,5,0.327381427559158,0.3579145603380722,0
milk,2.6563184493337895,23,3,0.5680666550000354,0.01327313574099003,0
milk,0.6153892961289607,27,1,0.5697577031307075,0.08870530387851285,0
fruit,2.0356152243177035,5,4,0.6300397674510078,1.449353011612841,1
fruit,2.2108802845363567,25,2,0.7765085548206273,0.2678497960186166,0
canned,2.294702514036052,3,4,0.6611300474673667,0.5329753780609805,1
bread,3.1107756615229953,1,2,0.6402533144752333,1.8714867815725296,1
veggies,2.901211460270953,4,6,0.14816301662173897,0.9828374791907273,1
veggies,3.235572917570501,25,1,0.43887725901036845,0.4424893168307071,0
canned,3.9419746769395774,20,4,0.3088501657310404,0.5937550848616406,1
meat,4.158435824222421,2,7,0.3388331004417779,0.9905845760283291,1
bread,3.731553843019225,26,4,0.5989037269063104,0.6490041269607174,1
canned,4.799856631797206,5,7,0.27955478343664764,0.9747730116903529,1
bread,0.5820466220436273,3,1,0.3645541909152078,0.2719587887201413,0
bread,1.3810009355759574,29,4,0.31337623766560607,0.26178145078023546,0
bread,0.5340329374016395,28,2,0.9536526488963752,0.04235848587706702,0
canned,3.4136362136957135,29,4,0.9501991589539857,0.08525220330660528,0
veggies,4.541137470274941,9,3,0.6489474027364466,0.4772237103793289,0
veggies,1.5956703345933467,20,6,0.9320702218587099,0.03494229936218592,0
bread,4.67165545158338,6,5,0.8072313809215358,1.7456319712503174,1
meat,0.7712032563030238,18,2,0.6309530945216278,0.1539813351791815,0
milk,4.704962120624814,6,3,0.10579169034711615,3.208534534144645,1
canned,2.082302092578355,19,7,0.7952646574714636,0.11829907558266436,0
milk,0.9563937280214743,28,6,0.732239507429622,0.19027930546946614,0
meat,2.6864229163384654,12,1,0.6537282879541726,0.5193172057595722,1
canned,1.6554945547422857,25,2,0.7843818805142245,0.14592821651546697,0
bread,1.7819280588286528,11,5,0.5616299482972892,0.09280392123107684,0
veggies,1.8828048421682895,2,6,0.7336749441892052,1.0976947033345255,1
milk,4.113616540246985,15,7,0.941654878053844,0.5887578435757089,1
fruit,2.926225745038645,12,5,0.4382245142614777,0.40202914248821264,0
fruit,1.9008846462020164,12,1,0.7373096514105628,0.3395412396383855,0
meat,3.2465020248991325,9,1,0.5281190362098629,0.44763882422268236,0
bread,3.722678034004371,21,7,0.7069596866325834,0.21129767373127975,0
milk,1.726808003300902,24,2,0.7866040019989277,0.23963369222453673,0
bread,2.3609709568640818,2,7,0.14090725039221638,1.634574052998083,1
milk,1.048487420016264,22,4,0.6819403995537957,0.1592105037912687,0
meat,1.3151720729060614,3,1,0.3040670659662501,0.7649414355955366,1
meat,3.5650303428424226,12,6,0.7030292840268101,0.05519490634243188,0
fruit,1.3164725646303213,28,4,0.5214971673404322,0.13502673696362236,0
bread,2.8632352265017706,26,3,0.7961974676783985,0.19659028565868894,0
canned,3.690708177750947,16,5,0.2110607336850368,1.7948653768689522,1
fruit,0.9809461539263473,21,4,0.6636901164905756,0.11815620069897477,0
bread,3.052904988330066,28,5,0.35062365603479706,0.19680541289706405,0
fruit,1.654532526656137,24,7,0.8676837957975323,0.25707919523215295,0
canned,4.8331709385691095,26,4,0.9355451550726767,0.0684294222457566,0
veggies,2.6759554102396614,1,7,0.9967584643111499,1.1809907496824923,1
veggies,4.126966473988212,21,3,0.8164066621845549,0.667903965123369,1
veggies,2.976019439703178,3,1,0.778360663385204,1.8551946821026835,1
veggies,0.6953563978466862,20,3,0.29395068298079596,0.06915030039066235,0
milk,3.3491811901731006,2,1,0.40240635309109785,0.9551749395553578,1
veggies,4.781315039929956,9,7,0.5191142875860516,1.8290687275619673,1
canned,3.2072531906584905,19,1,0.7960429430040247,0.012295253684533611,0
meat,4.186349867420556,15,5,0.9234692785701718,0.361691729590613,0
meat,4.4789290850678345,18,6,0.2702251900206862,0.029571623971674146,0
milk,1.5263589737701961,26,3,0.9301307362030926,0.29120998452557656,0
veggies,1.45420177958702,11,4,0.7260621871186522,0.061052639138849195,0
veggies,3.249414449829463,25,3,0.6496936576165347,0.5127101742960888,1
veggies,2.349628114130171,23,5,0.2798571441537456,0.36399126860937225,0
fruit,4.279375862900242,16,1,0.1499725295282355,1.454318871882405,1
bread,4.55010405529105,22,5,0.6116184086571459,0.5653290711184397,1
fruit,2.0903962068622315,17,2,0.6863641149960031,0.020100818670784858,0
bread,1.5659175153851692,5,2,0.28970330441921943,1.1244709065834544,1
veggies,4.012364818597378,12,4,0.6008105852429108,0.011753923632328791,0
veggies,1.7366271599666123,11,5,0.8708440624863162,0.3199366961118162,0
fruit,4.201764433311553,15,7,0.851559350909518,0.8202567080668479,1
fruit,2.4068221414194326,27,4,0.9346196625276675,0.10699901688034318,0
bread,3.5039745468116172,3,7,0.42929722860119246,2.61714954844907,1
meat,0.9299089122560068,1,4,0.3862446152958269,0.30957631378517103,0
bread,3.3073669610445786,20,2,0.7744834053827278,0.16760373045949564,0
fruit,2.532954554317531,29,4,0.48800116458730447,0.4534376493983721,0
canned,3.1397380842896334,16,2,0.17879379762500255,1.6217946252480988,1
fruit,1.2560639348518854,2,1,0.3545210176034498,0.3805343917836917,0
canned,3.8159318522488195,2,7,0.4767240569783402,1.1465953542951492,1
milk,4.382586848944529,3,5,0.36326478292862685,2.092931207358693,1
fruit,1.4753291004084903,8,4,0.39898501385258944,0.2689917132968592,0
milk,0.9307154998407278,24,2,0.3643983155569517,0.17274344683937948,0
meat,0.6063736372085138,28,3,0.1373492504647715,0.020061283862737846,0
bread,3.388871751994697,15,7,0.6733852307419983,0.001574745081781953,0
canned,3.2319231623995135,7,4,0.6375631783181224,0.6359978391295519,1
bread,2.960138357213315,6,6,0.6880451486308126,1.433902149078732,1
milk,1.5437619325218894,9,1,0.2730789064302647,0.017118848843858777,0
canned,2.259076981574816,20,1,0.3660890874512368,0.3763777061064782,0
bread,3.175143508337779,28,3,0.6576543342504301,0.2907192719400759,0
fruit,2.7354508648662623,1,2,0.6396648116139292,1.315172709468899,1
veggies,4.945034840966993,8,4,0.5556972784188411,2.20758988497483,1
milk,1.113978886505299,23,7,0.41537192500917763,0.04381662891004667,0
bread,3.628150493214172,23,2,0.9216379042972209,0.6873893920235402,1
milk,2.3194344564693146,3,1,0.4057932180689594,1.6513108809611146,1
milk,2.4268982671652664,4,2,0.5100572407935264,1.4661570674263535,1
canned,3.729189945461793,26,1,0.7103024478587878,0.16638626313907584,0
canned,3.6159626809596634,25,2,0.5887192877800878,0.394623505739133,0
veggies,4.960651971659847,15,3,0.41219737872794704,0.6785925153559691,1
fruit,1.0777743025435635,6,5,0.49208031141085884,0.8174858214366495,1
milk,0.9684934222287485,15,3,0.8150327360681555,0.1008948908556162,0
bread,3.759524677079335,21,3,0.35031623993795125,0.35268833681183553,0
meat,3.1027411265288407,3,5,0.2280297157991339,1.2005840954653177,1
milk,1.7337229995191263,25,5,0.38184688164679936,0.2837438168379953,0
milk,0.8573871604504397,21,4,0.8645807939391111,0.05756195606007059,0
veggies,0.8854621231839375,21,7,0.18009074337071201,0.10175415451759598,0
fruit,4.523858935988533,14,7,0.9925264660352067,0.4657622522616561,0
meat,1.363402961234343,20,4,0.5869026090348963,0.1399561783631948,0
canned,1.9551720295198434,14,3,0.9863611695703846,0.04192764521891702,0
canned,1.519953810021446,4,3,0.9450967798773798,1.0901803124670233,1
bread,2.097483376243718,12,1,0.5075323427898251,0.1897663514802052,0
meat,0.8124072923574202,17,1,0.2786419671448142,0.11920335869957772,0
canned,2.835769059087217,7,7,0.2483962989086246,1.4399683927211275,1
bread,0.8042565361649671,9,4,0.3159904274829618,0.08766111185120265,0
fruit,4.101604285200628,3,6,0.7391193765080836,2.8437934670151,1
bread,1.5517043685969485,28,6,0.3456549952583391,0.07350407164490706,0
canned,2.930053615720298,13,4,0.40728274264386854,0.09665310834703067,0
veggies,4.460355894026562,15,1,0.5039009235951534,0.11116550631602101,0
veggies,3.4289481607123737,18,7,0.9219094123793107,0.2509299454002958,0
veggies,2.898310039481009,19,7,0.2704540760963615,0.1329706980571508,0
canned,1.9595018890191902,1,1,0.10452389734882281,1.2214312575832813,1
veggies,1.9985086087618906,6,6,0.15408676934035315,0.768669754652292,1
meat,3.5126912983918555,27,2,0.9142897075121061,0.012413882519022978,0
fruit,4.973627125495254,27,2,0.6827648183590268,0.1022261838564866,0
bread,3.4782763543222037,23,1,0.34573655739502607,0.11979008419062141,0
bread,3.0100253781651123,27,2,0.259473250910072,0.25945439228186457,0
canned,3.7879272960766075,27,5,0.3648400629734029,0.38676272659481115,0
veggies,2.5934252552767316,2,4,0.20331723452615208,1.6847601317034686,1
veggies,0.7706405417035335,24,4,0.947379619255997,0.0654710528837672,0
milk,3.0303356714505942,14,1,0.8057855569287402,0.20712274151544044,0
fruit,4.809313780274211,6,3,0.5161520592212867,1.6331563105289535,1
meat,1.2888632406094684,14,6,0.8784663446036818,0.0017633577653386136,0
bread,3.6050220086929956,4,1,0.32451238386390907,1.3147659614542708,1
milk,1.4042015989657541,21,2,0.7454085116249741,0.19255865653037185,0
milk,2.9112245801288656,8,6,0.8705192491123691,0.13174882741709673,0
canned,0.9350440234102383,3,3,0.4210918404609454,0.44070633995628195,0
bread,2.526669213161833,19,2,0.7817180009056459,0.44825271863054367,0
canned,3.9027349800286073,14,7,0.3655651143378784,0.21466975999250756,0
meat,2.0640718590754195,27,5,0.3689714217331277,0.09231050316963411,0
milk,3.492102760192481,20,2,0.19635146069876747,0.5986141177128631,1
milk,4.079524823553781,17,5,0.49605224185845886,0.6666817389105647,1
fruit,4.672300187657537,25,6,0.75674071584768,0.4189618596735681,0
meat,1.555889368349541,8,5,0.9461987250141565,0.15224030861578175,0
milk,2.2969216211418866,24,6,0.6434172927361864,0.1000303416217816,0
meat,1.1858720599868784,14,6,0.8768219839621652,0.01857115265440132,0
bread,4.966175759712688,26,6,0.8402451843612043,0.5695526461858168,1
veggies,4.671504355659329,6,6,0.2560087476777528,1.8332604789207414,1
milk,2.9298070862625183,23,6,0.5372356860213683,0.26325755027019504,0
fruit,4.2891498246938955,22,2,0.20523118197285234,0.806786678825436,1
bread,2.8443108977241898,16,6,0.7139378454054714,0.542031447368853,1
meat,3.306135596012419,25,2,0.9549097014214684,0.1582529983658533,0
canned,0.9010599445220748,19,6,0.22338051227088085,0.11247272072836395,0
bread,3.898716892235636,14,5,0.7604948177222872,0.3696578278170535,0
milk,1.0747106763585568,19,7,0.6690143357810748,0.18822163114903862,0
meat,4.217304336136378,3,6,0.6252445333072898,2.1963575647767266,1
veggies,4.019126394516737,10,3,0.4511082112195053,0.0029760882046811327,0
bread,3.689351139843394,19,6,0.4196184829784313,0.11994907407947661,0
milk,0.6627217123614295,9,6,0.1407242701169991,0.04632726986006939,0
fruit,1.8640776017539786,28,5,0.29611783742681214,0.11770573728112584,0
canned,1.684006564598793,20,4,0.11365919405814422,0.26653207015660074,0
meat,2.120613833621836,13,5,0.6232753950238185,0.2886412726465823,0
bread,0.8943923604372734,7,3,0.19526791229011797,0.053584176756854056,0
bread,4.716310203639782,14,4,0.8857174546267444,0.4317723671108071,0
veggies,2.9921100832056933,9,1,0.5708287186274488,0.05718467169916718,0
veggies,1.874859397961106,27,1,0.7297209181528376,0.33677966056326436,0
fruit,2.2864168268342753,28,3,0.4697713826564468,0.4277542117715253,0
canned,2.5124114322717603,23,5,0.6045218281009438,0.4923339207342714,0
fruit,3.202674500122778,25,2,0.9483932592699674,0.5563384006334513,1
milk,2.8205574246342398,28,3,0.1744606356613037,0.09813333467751043,0
milk,4.637263879464878,19,7,0.32854399473132656,0.04284505658184388,0
fruit,2.736335673076236,15,4,0.8019894942194898,0.3171942402435086,0
